Entity 1,Relationship,Entity2
1,2,4
PowerToys, now allows , commands in PowerToys Run
PowerToys, better piece of , software
PowerToys, also allows , commands
PowerToys, run , command
PowerToys, also now allows , commands
PowerToys, install , location
Microsoft Store, from , PowerToys page
## Code, has adopted , Microsoft Open Source Code of Conduct
PowerToys, allows , various commands
PowerToys, also now allows , commands in PowerToys Run
PowerToys, now allows , various commands in PowerToys Run
PowerToys, also allows , various commands in PowerToys Run
PowerToys, also allows , commands in PowerToys Run
PowerToys, also allows , various commands
## Code, has adopted , Microsoft Open Source Code
PowerToys, now allows , commands
PowerToys, allows , commands in PowerToys Run
PowerToys, allows , various commands in PowerToys Run
PowerToys, also now allows , various commands in PowerToys Run
### Via GitHub, is with , EXE #### Stable versionInstall from Microsoft Store 's PowerToys page
PowerToys, run , command from command line
PowerToys, now allows , various commands
### Via GitHub, is with , EXE #### Stable versionInstall from Microsoft Store 's PowerToys page
PowerToys, also now allows , various commands
PowerToys, piece of , software
PowerToys, allows , commands
